	pathway	X1005.015.008	X1015.015.019	X1051.016.036	X1058.016.043	X1084.016.071	X1089.016.076	X1092.016.079	X1150.016.137	X1155.016.142	X1158.016.145	X1161.016.148	X1163.016.150	X1184.016.171	X1190.016.177	X1195.016.182	X1435.019.073	X1480.019.118	X1484.019.122	X1486.019.124	X1500.019.138	X1503.019.141	X1541.019.179	X1543.019.181	X1545.019.183	X1551.019.189	X1553.019.191	X1554.019.192	X1555.019.193	X1557.019.195	X1558.019.196	X1559.019.197	X1564.019.202	X1565.019.203	X1566.019.204	X1568.019.206	X1569.019.207	X1571.019.209	X1581.019.219
1	acetylcholine-gated channel complex (GO:0005892)	NA	NA	NA	NA	NA	NA	NA	NA	NA	NA	NA	NA	NA	NA	NA	NA	NA	NA	NA	NA	NA	NA	NA	NA	NA	NA	NA	NA	NA	NA	NA	NA	NA	NA	-1.64703641705258	NA	NA	NA
2	actin cytoskeleton (GO:0015629)	NA	NA	NA	NA	NA	NA	NA	NA	NA	NA	NA	NA	NA	NA	NA	NA	NA	NA	-1.31671787683855	NA	NA	NA	NA	NA	NA	NA	NA	NA	NA	NA	NA	NA	-1.38270517348815	NA	NA	NA	NA	NA
3	AMPA glutamate receptor complex (GO:0032281)	NA	NA	NA	NA	NA	NA	NA	NA	NA	NA	-1.59300472816546	NA	NA	NA	NA	NA	NA	NA	1.59592515994155	NA	NA	NA	NA	NA	NA	NA	-1.80347516703954	NA	NA	-1.69315706317986	NA	NA	NA	NA	NA	NA	NA	NA
4	anchored component of external side of plasma membrane (GO:0031362)	NA	NA	NA	NA	NA	NA	NA	NA	NA	NA	NA	NA	NA	NA	NA	NA	NA	NA	NA	NA	NA	NA	NA	NA	NA	NA	NA	NA	NA	1.72294422402839	NA	NA	NA	NA	NA	NA	NA	NA
5	anchored component of plasma membrane (GO:0046658)	NA	NA	NA	-1.51834397969004	NA	1.84251843101591	NA	NA	NA	NA	NA	NA	NA	NA	NA	NA	NA	NA	-1.47247397916381	NA	NA	NA	NA	NA	NA	NA	NA	NA	-1.81984984220079	1.68507037457352	NA	NA	NA	NA	NA	NA	NA	NA
6	autophagosome (GO:0005776)	NA	NA	NA	NA	NA	NA	NA	NA	1.52570507774237	NA	1.5384451428804	NA	NA	NA	NA	NA	NA	NA	NA	NA	NA	1.49616567755614	NA	NA	NA	NA	NA	NA	NA	NA	NA	NA	NA	NA	NA	NA	NA	NA
7	axon (GO:0030424)	NA	NA	NA	NA	NA	1.50366916237108	NA	NA	NA	NA	NA	NA	NA	NA	NA	NA	NA	NA	-1.36670205341905	NA	NA	NA	NA	NA	NA	NA	NA	NA	NA	NA	NA	NA	NA	NA	NA	NA	NA	NA
8	axonemal dynein complex (GO:0005858)	-1.71425144205636	-1.81626754196964	-1.89930659073513	1.75625615188339	-1.9043177688787	-1.88881865558475	-1.69763076169444	-1.76815988247839	NA	NA	-1.89103065554985	1.82611103103503	NA	-1.73489116177353	NA	-1.80890484357161	-1.67340643858114	NA	1.75720893973431	-1.79782075780688	NA	-1.69005516162687	NA	-1.84952870109097	1.89965013067592	-1.63804287429371	-1.83614008601579	NA	NA	-1.81035281716234	NA	NA	NA	-1.81341416722832	1.88486659968256	NA	NA	NA
9	azurophil granule (GO:0042582)	1.44630288503971	NA	NA	-1.45054074877844	NA	NA	NA	NA	NA	NA	NA	NA	NA	NA	NA	NA	1.43417726451186	NA	-1.44030145688371	NA	NA	1.56785910402585	NA	NA	NA	NA	NA	NA	-1.60760268040857	NA	1.70922725432591	NA	NA	NA	-1.32081836726621	NA	NA	NA
10	azurophil granule lumen (GO:0035578)	NA	NA	NA	-1.46130259548355	NA	NA	NA	NA	NA	NA	NA	NA	NA	NA	NA	NA	NA	NA	-1.54194746815278	NA	NA	1.4260897249126	NA	NA	NA	NA	NA	NA	-1.61762264876068	NA	1.80345542347998	NA	NA	NA	NA	NA	NA	NA
11	brush border membrane (GO:0031526)	NA	NA	NA	NA	NA	NA	NA	NA	NA	NA	NA	NA	NA	NA	NA	NA	NA	NA	NA	NA	NA	NA	NA	NA	NA	NA	NA	NA	NA	NA	NA	NA	NA	NA	1.54796056917947	NA	NA	NA
12	caveola (GO:0005901)	NA	NA	NA	NA	NA	NA	NA	NA	NA	NA	NA	NA	NA	NA	NA	NA	NA	NA	-1.46021837129257	NA	NA	NA	NA	NA	NA	NA	NA	NA	NA	NA	NA	NA	NA	NA	NA	NA	NA	NA
13	centriolar satellite (GO:0034451)	NA	NA	-1.60331974322417	NA	-1.56251434005082	-1.69171286208401	NA	NA	NA	NA	NA	NA	NA	NA	NA	NA	NA	NA	NA	NA	NA	NA	NA	NA	NA	NA	NA	NA	NA	NA	NA	NA	NA	NA	NA	NA	NA	NA
14	centriole (GO:0005814)	-1.61653514479841	-1.66073486150115	-1.89189405108585	1.45504956470197	-1.69893329816108	-2.31144768009715	NA	-2.02678533999388	NA	NA	-1.80423468120268	1.9299230267975	NA	-1.53871047516227	1.75722358309738	-1.72066244409984	-1.64906242283773	1.5371669597797	1.51297776307654	-1.79891411906816	NA	-1.75030251422992	NA	-1.6622044797685	1.93539709971012	NA	-1.78492822198574	NA	NA	-1.87871315057467	NA	NA	NA	-1.52590069682852	1.89881178767056	NA	NA	NA
15	centrosome (GO:0005813)	-1.50047396467373	NA	-1.36300346637704	NA	NA	NA	NA	-1.32001588453541	NA	NA	-1.40181521321406	1.45055622252254	NA	NA	NA	NA	NA	NA	NA	-1.39370554884524	NA	-1.29714840470406	NA	NA	1.40310689350962	NA	NA	NA	1.53573552104577	-1.3196927203632	NA	NA	NA	-1.3871787763063	1.34246969767549	NA	NA	NA
16	chromatin (GO:0000785)	NA	NA	NA	-1.34458063454033	NA	NA	NA	NA	NA	NA	NA	NA	NA	NA	NA	NA	1.48358330564957	NA	-1.65237511857387	NA	NA	NA	NA	1.34043078076583	NA	NA	NA	NA	NA	NA	NA	NA	NA	NA	-1.43046473775495	NA	NA	NA
17	chromosomal region (GO:0098687)	NA	NA	NA	-1.7706555528685	1.80614853426082	-1.48830224460141	1.55097959102278	NA	-1.52385930775228	NA	NA	NA	NA	NA	NA	NA	NA	NA	-1.8964849205326	NA	NA	NA	NA	1.6620268688471	NA	NA	1.5672111027539	-1.57890214833207	1.67398799549586	NA	NA	NA	NA	-1.69007997579998	NA	NA	NA	-1.65719636739634
18	chromosome (GO:0005694)	NA	NA	NA	-1.4215726093879	NA	NA	NA	NA	NA	NA	NA	NA	NA	NA	NA	NA	NA	NA	-1.46844084732563	NA	NA	NA	NA	NA	NA	NA	1.43190988185216	NA	1.66152902203344	NA	NA	NA	NA	NA	NA	NA	NA	NA
19	chromosome, centromeric region (GO:0000775)	NA	NA	NA	-2.05265117011433	2.00993515006217	-1.8208549418961	1.5324454863051	NA	NA	NA	NA	NA	NA	1.65171037738949	NA	NA	1.58202421683087	NA	-2.13070210429993	NA	NA	NA	NA	1.96707499228019	NA	NA	1.85601817587227	-1.7341524052394	NA	NA	NA	-1.65250472209109	NA	-1.81413652375401	-1.6200311592621	NA	NA	NA
20	chromosome, telomeric region (GO:0000781)	NA	NA	NA	-1.44124103797623	NA	NA	NA	NA	NA	NA	NA	NA	NA	NA	NA	NA	NA	NA	-1.36183748957585	NA	NA	NA	NA	NA	NA	NA	NA	NA	1.67464117582936	NA	NA	NA	NA	NA	NA	NA	NA	NA
21	cis-Golgi network (GO:0005801)	NA	NA	NA	1.48633567836724	NA	NA	NA	NA	NA	NA	NA	NA	NA	NA	NA	NA	NA	NA	1.76851960567804	NA	NA	NA	NA	NA	NA	NA	NA	NA	NA	NA	NA	NA	NA	NA	NA	NA	NA	NA
22	clathrin-coated endocytic vesicle (GO:0045334)	NA	NA	NA	NA	NA	NA	NA	1.76197858536883	NA	-1.61894242427172	NA	NA	NA	NA	NA	NA	NA	NA	NA	NA	NA	1.52006679183541	NA	NA	NA	NA	NA	NA	NA	NA	NA	NA	NA	NA	NA	NA	NA	NA
23	clathrin-coated endocytic vesicle membrane (GO:0030669)	NA	NA	NA	NA	NA	NA	NA	1.80571892227709	NA	NA	NA	NA	NA	NA	NA	NA	NA	NA	NA	NA	NA	1.6207786120583	NA	NA	NA	NA	NA	NA	NA	NA	NA	NA	NA	NA	NA	NA	NA	NA
24	clathrin-coated vesicle membrane (GO:0030665)	NA	NA	-1.57451778465394	NA	NA	NA	NA	1.65475288269509	NA	-1.53557698330691	NA	NA	NA	NA	NA	NA	NA	NA	NA	NA	NA	NA	NA	NA	NA	NA	NA	NA	NA	NA	NA	NA	NA	NA	NA	NA	NA	NA
25	condensed chromosome (GO:0000793)	NA	NA	NA	-1.47200456482513	NA	-1.6005499676581	NA	NA	NA	NA	NA	NA	NA	NA	NA	NA	NA	NA	-1.59060618908561	NA	NA	NA	NA	1.67739079181792	NA	NA	NA	NA	1.74568060868288	NA	NA	-1.87258687844615	NA	NA	NA	NA	NA	NA
26	condensed chromosome kinetochore (GO:0000777)	NA	NA	NA	-1.95099148063551	1.86797633346902	-1.96043515783196	1.82529917673718	NA	NA	NA	NA	NA	NA	NA	NA	NA	NA	NA	-2.07101082604602	NA	NA	NA	NA	2.08609544994961	-1.8665447338823	NA	1.76487251273543	NA	1.74947279042471	NA	NA	NA	NA	-1.95023112773517	-1.74694544289919	NA	NA	-1.84350859494467
27	condensed chromosome, centromeric region (GO:0000779)	NA	NA	NA	-1.93531330495567	1.77696168340648	-1.88282715201704	1.84334210838848	NA	NA	NA	NA	NA	NA	1.669809991022	NA	NA	1.86954051270938	NA	-2.11798129458793	NA	NA	NA	NA	2.16259427022687	-1.83272601746697	NA	1.93137334904174	-1.70897832276577	1.86599138577403	NA	NA	NA	NA	-1.84338596706839	-1.78293917107186	NA	-1.80548103353927	-1.77386081512085
28	COPII-coated ER to Golgi transport vesicle (GO:0030134)	NA	NA	NA	NA	NA	NA	NA	1.62425625331054	NA	NA	NA	NA	NA	NA	NA	NA	1.47992903137298	NA	NA	NA	1.66405550159734	NA	NA	NA	NA	NA	NA	NA	NA	NA	NA	NA	NA	NA	NA	NA	NA	NA
29	Cul3-RING ubiquitin ligase complex (GO:0031463)	NA	NA	NA	NA	NA	NA	NA	NA	NA	NA	NA	NA	-1.66346969749688	NA	NA	NA	NA	NA	NA	NA	NA	NA	NA	NA	NA	NA	NA	NA	NA	NA	NA	NA	NA	NA	NA	NA	NA	NA
30	Cul4-RING E3 ubiquitin ligase complex (GO:0080008)	NA	NA	NA	NA	NA	NA	1.73945480031112	NA	NA	NA	NA	NA	NA	NA	NA	NA	NA	NA	NA	NA	NA	NA	NA	NA	NA	NA	NA	NA	NA	NA	NA	NA	NA	NA	NA	NA	NA	NA
31	cytoplasmic ribonucleoprotein granule (GO:0036464)	NA	NA	NA	NA	NA	NA	NA	NA	NA	-1.42769572125786	NA	NA	NA	NA	NA	NA	NA	NA	NA	NA	NA	NA	NA	NA	NA	NA	NA	NA	NA	NA	NA	NA	NA	NA	NA	NA	NA	NA
32	cytoplasmic vesicle (GO:0031410)	NA	NA	NA	NA	NA	NA	NA	NA	NA	NA	NA	NA	NA	NA	NA	NA	NA	NA	-1.30162253305075	NA	NA	1.31849224181043	NA	NA	NA	NA	NA	NA	NA	NA	NA	NA	-1.36269067414407	NA	-1.47024204206991	NA	NA	NA
33	cytoplasmic vesicle lumen (GO:0060205)	NA	NA	NA	-1.9224674358598	1.60641611628066	1.47979166791435	NA	NA	NA	-1.56974035976734	1.65562387963282	NA	1.50697405600165	1.43710505695343	NA	NA	NA	-1.82584796706217	-1.90781085083715	NA	NA	1.75106587655272	-1.56141543716977	NA	NA	NA	1.6048755461128	NA	-1.84331489181352	NA	1.8295833497525	NA	-1.66115728668487	-1.46577968046367	-1.36998338319861	1.43344393233892	-1.60589051823473	NA
34	cytoskeleton (GO:0005856)	NA	NA	NA	NA	NA	NA	NA	NA	NA	-1.29042914139993	NA	NA	NA	NA	NA	NA	NA	NA	-1.43226674366939	NA	NA	NA	NA	NA	NA	NA	NA	NA	NA	NA	NA	NA	-1.28623006523408	NA	NA	NA	NA	NA
35	cytosolic large ribosomal subunit (GO:0022625)	NA	NA	NA	-2.19464913024059	2.16512091686308	NA	2.18557494995754	NA	-1.69581421606261	NA	1.95847960209905	NA	1.70768461640832	NA	NA	NA	NA	NA	-1.80058000019575	NA	NA	NA	NA	1.43639379315748	NA	-1.60134165705018	NA	-1.70272697778506	NA	-1.77617402140667	NA	NA	NA	NA	-2.10247634597705	-1.86738235418973	NA	NA
36	cytosolic part (GO:0044445)	NA	NA	NA	-2.10979201127104	NA	NA	NA	NA	-1.85525591041791	NA	1.84425750898519	NA	1.58945546649659	NA	NA	NA	NA	-1.68715602166067	-1.64205925499616	NA	NA	-1.35456023647	NA	NA	NA	-1.42603753921856	NA	-1.47013090361704	NA	-1.48194335820834	NA	NA	NA	NA	-1.71632822523165	NA	NA	NA
37	cytosolic ribosome (GO:0022626)	NA	NA	NA	-2.26473987331149	NA	NA	2.2139328291877	NA	-1.87933144827555	NA	1.98928409052121	NA	1.67300632849804	NA	NA	NA	NA	-1.65189773664353	-1.77921718558107	NA	NA	-1.50821554153466	NA	NA	NA	-1.64224541543424	NA	-1.6899137961242	NA	-1.76013602000133	NA	NA	NA	NA	-2.12066420927303	NA	NA	-1.54058650131252
38	cytosolic small ribosomal subunit (GO:0022627)	-1.69781965670662	NA	NA	-1.97883682904498	2.21582882134314	NA	1.85563348391121	NA	-1.80344201638095	NA	2.01567091939879	NA	1.64338372577094	NA	NA	NA	NA	NA	-1.59757363935975	NA	NA	NA	NA	NA	NA	-1.65530877603352	NA	NA	NA	NA	NA	-1.85499701202265	NA	NA	-1.82170884309925	-1.82428793496784	NA	NA
39	dendrite (GO:0030425)	NA	NA	NA	NA	NA	1.60560993860831	NA	NA	NA	NA	NA	NA	NA	NA	NA	NA	NA	NA	-1.31224256545363	NA	NA	NA	NA	NA	NA	NA	NA	NA	NA	NA	NA	NA	-1.53990133392385	NA	-1.56456771622807	NA	NA	NA
40	DNA-directed RNA polymerase II, holoenzyme (GO:0016591)	NA	NA	NA	NA	NA	NA	1.59388232864333	NA	NA	NA	NA	NA	NA	NA	NA	NA	NA	NA	NA	NA	NA	NA	NA	NA	NA	NA	NA	NA	NA	NA	NA	NA	NA	NA	NA	NA	NA	NA
41	early endosome (GO:0005769)	NA	NA	NA	NA	NA	NA	NA	NA	NA	NA	NA	NA	NA	NA	NA	NA	NA	NA	-1.3837064337045	NA	NA	1.53801384736059	NA	NA	NA	NA	NA	NA	NA	NA	NA	NA	NA	NA	NA	NA	NA	NA
42	early endosome membrane (GO:0031901)	NA	NA	NA	NA	NA	NA	NA	NA	NA	NA	NA	NA	NA	NA	NA	NA	NA	NA	-1.4754886659438	NA	NA	1.69308875004147	NA	NA	NA	NA	NA	NA	NA	NA	NA	NA	NA	NA	-1.49131000113568	NA	NA	NA
43	endocytic vesicle (GO:0030139)	NA	NA	NA	-1.36880399091705	NA	1.43325809023053	NA	NA	NA	NA	NA	NA	NA	NA	NA	NA	NA	NA	-1.67587523093708	NA	NA	1.36492654464122	NA	NA	NA	NA	1.46842335635721	NA	NA	1.49119624840812	NA	NA	-1.61910305393134	NA	NA	NA	NA	NA
44	endocytic vesicle lumen (GO:0071682)	NA	NA	NA	-1.68002302269769	NA	NA	NA	NA	NA	NA	NA	NA	NA	NA	NA	NA	NA	NA	-1.66999976032021	NA	NA	NA	NA	NA	1.67155868132239	NA	NA	NA	NA	NA	1.61351248131478	NA	NA	-1.7347300371551	NA	NA	NA	NA
45	endoplasmic reticulum lumen (GO:0005788)	NA	NA	NA	NA	NA	1.74354245492816	NA	NA	NA	-1.32179867567295	NA	NA	NA	1.88564123886048	NA	NA	1.56093154566982	1.54895626483492	-1.60502816463709	NA	NA	1.61360902760798	NA	NA	NA	NA	NA	NA	NA	NA	NA	NA	-1.87212882946382	-1.33360156154592	-1.85069689524944	NA	NA	NA
46	ER to Golgi transport vesicle membrane (GO:0012507)	NA	NA	NA	NA	NA	NA	NA	1.73739045853804	NA	NA	NA	NA	NA	NA	NA	NA	NA	NA	NA	NA	1.62590306648251	1.44836969576285	NA	NA	NA	NA	NA	NA	NA	NA	NA	NA	NA	NA	NA	NA	NA	NA
47	exocytic vesicle (GO:0070382)	NA	NA	NA	NA	NA	NA	NA	NA	NA	NA	NA	NA	NA	NA	NA	NA	NA	NA	NA	NA	NA	NA	NA	NA	1.71949053946716	NA	NA	NA	NA	NA	NA	NA	NA	NA	NA	NA	NA	NA
48	ficolin-1-rich granule (GO:0101002)	1.56974376042962	NA	NA	-2.20900240777326	NA	1.68515054391131	NA	1.44810557330016	2.02156176686406	-1.98560106460622	1.99093450021321	NA	1.99013123960517	1.78108201905257	NA	NA	1.48314475053359	-1.667157499981	-2.14626053517129	NA	1.75739361627783	2.2023841157972	-1.51261221996581	NA	NA	-1.89440369692382	1.81562516192657	NA	-2.10747133358189	1.76327202160363	2.18248371316124	1.92900855678155	-1.90653905154434	-1.46273196834021	-1.57229056986118	1.9370368918393	-1.73304193031343	-1.42277114700583
49	ficolin-1-rich granule lumen (GO:1904813)	NA	NA	NA	-2.14951478602819	1.9275912457152	1.56640254083572	NA	NA	1.54704712624342	-1.73314550168293	2.00408347025197	NA	1.55755248464147	1.6923505631291	NA	NA	NA	-1.4911516903712	-1.98625424421499	NA	NA	2.05123491004014	NA	NA	NA	-1.51638353507178	1.84460206852069	NA	-1.87172851376802	1.6583160900655	1.77459139580899	NA	-1.64926643986926	NA	-1.74675766850515	1.56171256110681	NA	NA
50	ficolin-1-rich granule membrane (GO:0101003)	1.74081471876834	NA	NA	-2.14554549713307	NA	1.64763389493133	NA	NA	2.06249288471734	-2.06776414438415	1.64449782491048	NA	2.17075651565492	1.55801682666182	NA	NA	NA	-1.64042219230637	-2.12264766211388	NA	1.87332517532444	2.06660801455447	NA	NA	NA	-1.96508669310293	NA	NA	-2.05792217416803	1.65709213732686	2.222327772935	2.13500725022778	-2.02713823396104	-1.65921247525613	NA	1.99050287483249	-1.835157262787	NA
51	focal adhesion (GO:0005925)	NA	NA	NA	-1.772497393844	NA	NA	NA	NA	NA	-1.66365224434257	NA	NA	1.41574985691347	1.58969897676162	NA	NA	1.79882691080212	NA	-1.84324821974169	NA	NA	1.89290435375426	NA	NA	NA	-1.36043838326558	NA	NA	NA	NA	NA	NA	-1.68329731709145	-1.26956065454421	-1.94915209219505	NA	NA	-1.32274051979551
52	GABA-A receptor complex (GO:1902711)	NA	NA	NA	NA	NA	NA	NA	NA	NA	NA	NA	NA	NA	1.69906557011675	NA	NA	NA	NA	NA	NA	NA	NA	NA	NA	NA	NA	NA	NA	NA	NA	NA	NA	NA	NA	NA	NA	NA	NA
53	Golgi cis cisterna (GO:0000137)	NA	NA	NA	1.64007190726712	NA	NA	NA	NA	NA	NA	NA	NA	NA	NA	NA	NA	NA	NA	1.76125689020425	NA	NA	NA	NA	NA	NA	NA	NA	NA	NA	NA	NA	NA	NA	NA	1.57260500112705	NA	NA	NA
54	Golgi cisterna (GO:0031985)	NA	NA	NA	NA	NA	NA	NA	NA	NA	NA	NA	NA	NA	NA	NA	NA	NA	NA	1.62451472746557	NA	NA	NA	NA	NA	NA	NA	NA	NA	NA	NA	NA	NA	NA	NA	NA	NA	NA	NA
55	Golgi cisterna membrane (GO:0032580)	NA	NA	NA	NA	NA	NA	NA	NA	NA	NA	NA	NA	NA	NA	NA	NA	NA	NA	1.62624607558401	NA	NA	NA	NA	NA	NA	NA	NA	NA	NA	NA	NA	NA	NA	NA	NA	NA	NA	NA
56	Golgi lumen (GO:0005796)	NA	NA	NA	NA	NA	1.43911492577357	NA	NA	NA	NA	NA	NA	NA	NA	NA	NA	NA	NA	NA	NA	NA	NA	NA	1.48347797150762	NA	NA	NA	NA	NA	NA	NA	NA	-1.57164071063943	NA	-1.54396865850095	NA	NA	NA
57	Golgi membrane (GO:0000139)	NA	NA	NA	NA	NA	NA	NA	1.24368310790935	NA	NA	NA	NA	NA	NA	NA	NA	1.28016002350374	NA	NA	NA	NA	NA	NA	NA	NA	NA	NA	NA	NA	NA	NA	NA	NA	NA	NA	NA	NA	NA
58	Golgi subcompartment (GO:0098791)	NA	NA	NA	NA	NA	NA	NA	1.34156849812101	NA	NA	NA	NA	NA	NA	NA	NA	NA	NA	NA	NA	NA	1.17165394303989	NA	NA	NA	NA	NA	NA	NA	NA	NA	NA	NA	NA	NA	NA	NA	NA
59	integral component of lumenal side of endoplasmic reticulum membrane (GO:0071556)	NA	NA	NA	NA	NA	NA	NA	1.9972968379341	NA	NA	NA	NA	1.64082951368005	NA	NA	NA	NA	NA	NA	NA	NA	1.77096109417673	NA	NA	NA	NA	NA	NA	NA	NA	NA	NA	NA	NA	NA	NA	NA	1.85628651805495
60	integral component of plasma membrane (GO:0005887)	NA	NA	NA	-1.33099665584922	NA	1.75571044650559	-1.24324999658262	NA	1.47026586850968	-1.64488108760689	NA	NA	1.61983270622658	1.31438122550171	1.5364869003455	NA	NA	NA	-1.78865324055529	NA	1.49524423424732	NA	-1.41351058606397	NA	NA	-1.46906661016759	NA	NA	NA	1.32112994293309	1.54509406177529	1.57306203211915	-1.6021052560294	-1.32581558311262	NA	1.37612853685299	-1.33876996572274	-1.31363616465649
61	intermediate filament (GO:0005882)	NA	NA	NA	-1.68995933075785	1.62014994538253	1.72002885538202	NA	NA	NA	NA	NA	NA	NA	1.62864589728767	NA	NA	NA	NA	-1.84068684239427	NA	NA	1.72288791469016	NA	2.00949286194287	NA	NA	1.7638832452652	NA	NA	NA	NA	NA	-1.76760662232286	NA	-1.92392221633404	NA	NA	-1.75685179016302
62	intermediate filament cytoskeleton (GO:0045111)	NA	NA	2.0025606395924	-1.6755121493474	1.69414126409923	1.98248932555773	NA	-1.49685626646134	NA	-1.72498503997498	NA	NA	NA	1.61465644353951	NA	NA	1.77037952141408	NA	-1.9046832045644	NA	NA	1.97170676681084	NA	2.00819572880898	NA	NA	2.03451207803433	NA	NA	NA	NA	NA	-1.8430695470128	NA	-2.03239128257102	NA	NA	-1.73677749508419
63	ionotropic glutamate receptor complex (GO:0008328)	NA	NA	NA	NA	NA	NA	NA	NA	NA	NA	-1.63159959463348	NA	NA	NA	NA	NA	NA	NA	NA	NA	NA	-1.63680055975738	NA	NA	NA	NA	NA	NA	NA	NA	NA	NA	NA	NA	NA	NA	NA	NA
64	keratin filament (GO:0045095)	NA	NA	1.74208515355955	NA	1.8343480699726	1.77125370548688	NA	NA	NA	NA	NA	NA	NA	1.78868045468891	NA	NA	NA	NA	-1.67844968571319	NA	NA	NA	NA	2.03909744303064	NA	NA	1.91921295274327	NA	NA	NA	NA	NA	-1.62700271590859	NA	-1.83144832117764	NA	NA	-1.75539628116301
65	kinesin complex (GO:0005871)	NA	NA	NA	NA	NA	-1.5118867012161	NA	NA	NA	NA	NA	NA	NA	NA	NA	NA	NA	NA	-1.49230847849314	NA	NA	NA	NA	NA	NA	NA	NA	NA	NA	NA	NA	NA	NA	-1.68888371704404	NA	NA	NA	NA
66	lamellar body (GO:0042599)	NA	NA	1.84808183004451	NA	NA	1.81107318949163	-1.6002711776938	NA	NA	NA	NA	NA	1.81638076621975	1.67856626264563	NA	NA	NA	NA	-1.62664826631819	NA	NA	NA	NA	NA	NA	NA	NA	NA	NA	NA	NA	NA	-1.67321001592846	NA	NA	NA	NA	-1.7776584324621
67	large ribosomal subunit (GO:0015934)	NA	NA	NA	-2.20230212457389	2.16095836407267	NA	2.18457317467688	NA	-1.72867914275988	NA	1.96609201338873	NA	1.6941201665517	NA	NA	NA	NA	NA	-1.81723941359492	NA	NA	NA	NA	1.46477429654819	NA	-1.59442364337321	NA	-1.70152943990569	NA	-1.74816802946468	NA	NA	NA	NA	-2.11037235200318	-1.81569909714556	NA	NA
68	late endosome membrane (GO:0031902)	NA	NA	NA	NA	NA	NA	NA	NA	NA	NA	NA	NA	NA	NA	NA	NA	1.59313333313398	NA	NA	NA	NA	1.58677950329314	NA	NA	NA	NA	NA	NA	NA	NA	NA	NA	NA	NA	-1.55955562058167	NA	NA	NA
69	lipid droplet (GO:0005811)	NA	NA	NA	NA	NA	NA	NA	NA	NA	NA	NA	NA	NA	NA	NA	NA	NA	NA	NA	NA	NA	NA	NA	NA	NA	NA	NA	NA	NA	NA	1.5100305411491	NA	NA	NA	NA	NA	NA	NA
70	lysosomal lumen (GO:0043202)	NA	NA	NA	NA	NA	NA	NA	NA	NA	NA	NA	NA	NA	NA	NA	NA	1.55170920690651	NA	NA	NA	NA	1.7425483228393	NA	1.42749268234717	NA	NA	NA	NA	NA	NA	NA	NA	-1.53136951048321	NA	-1.61628460024322	NA	NA	NA
71	lysosomal membrane (GO:0005765)	NA	NA	NA	NA	NA	NA	NA	1.57452286407625	NA	NA	NA	NA	NA	NA	NA	NA	1.53766521472698	NA	NA	NA	NA	1.72443719310736	NA	NA	NA	NA	NA	NA	NA	NA	NA	NA	NA	NA	NA	NA	NA	NA
72	lysosome (GO:0005764)	NA	NA	NA	NA	NA	NA	NA	1.41309647379694	NA	-1.33529936552062	NA	NA	NA	NA	NA	NA	1.70425512961867	NA	NA	NA	NA	1.81056694362407	NA	NA	NA	NA	NA	NA	NA	NA	NA	NA	NA	NA	-1.44623771775161	NA	NA	NA
73	lytic vacuole (GO:0000323)	NA	NA	NA	NA	NA	NA	NA	NA	NA	NA	NA	NA	NA	NA	NA	NA	1.56928070862755	NA	NA	NA	NA	1.57599143243054	NA	NA	NA	NA	NA	NA	NA	NA	NA	NA	NA	NA	-1.40996321652813	NA	NA	NA
74	lytic vacuole membrane (GO:0098852)	NA	NA	NA	NA	NA	NA	NA	1.58911346908459	NA	NA	NA	NA	NA	NA	NA	NA	1.55266232505368	NA	NA	NA	NA	1.74228256247942	NA	NA	NA	NA	NA	NA	NA	NA	NA	NA	NA	NA	NA	NA	NA	NA
75	melanosome (GO:0042470)	NA	NA	NA	NA	NA	NA	NA	NA	-1.74631984170976	NA	NA	NA	NA	NA	NA	NA	NA	NA	NA	NA	NA	NA	NA	1.72918024698226	NA	NA	NA	NA	NA	NA	NA	NA	NA	NA	-1.88449622697395	NA	NA	NA
76	membrane raft (GO:0045121)	NA	NA	NA	-1.50787575859394	NA	NA	NA	NA	NA	-1.62962766868916	NA	NA	NA	NA	NA	NA	1.77068887988569	NA	-1.79344727365288	NA	NA	1.75301018905942	NA	NA	NA	NA	NA	NA	NA	NA	1.48487881982413	NA	-1.44518416169896	NA	-1.57549007040388	NA	NA	NA
77	MHC protein complex (GO:0042611)	NA	NA	NA	NA	-1.55928722190928	NA	NA	2.03315222669217	NA	-1.69862713967666	NA	NA	1.69696833152011	-1.6783007729318	NA	NA	1.78979123891746	NA	NA	NA	1.73642048427342	1.94477860806167	NA	NA	NA	NA	NA	NA	NA	NA	NA	NA	NA	NA	NA	NA	NA	NA
78	microbody lumen (GO:0031907)	NA	NA	NA	NA	NA	NA	NA	NA	NA	NA	NA	NA	NA	NA	NA	NA	NA	NA	NA	NA	NA	-1.55628460916964	NA	NA	NA	NA	NA	NA	NA	NA	NA	NA	NA	NA	NA	NA	NA	NA
79	microtubule (GO:0005874)	NA	-1.4607777657685	-1.46744772784754	NA	-1.37604241981607	-1.72805998637689	NA	NA	NA	NA	-1.57488186025108	1.53177155745366	NA	NA	NA	-1.46397434504773	NA	NA	NA	-1.53373376208325	NA	-1.54087919835925	NA	NA	1.5536652660438	NA	NA	NA	NA	-1.48360466740194	NA	NA	NA	-1.49667339189118	1.48982263842834	NA	NA	NA
80	microtubule cytoskeleton (GO:0015630)	NA	-1.41881996719315	-1.39369798133878	NA	NA	-1.52558542578892	NA	NA	NA	NA	NA	NA	NA	NA	NA	-1.32711644762809	NA	NA	NA	-1.38056621298401	NA	-1.30162076078063	NA	NA	1.47845342145671	NA	NA	NA	NA	NA	NA	NA	NA	-1.3909739742868	1.26692972264336	NA	NA	NA
81	microtubule end (GO:1990752)	NA	NA	NA	NA	NA	NA	NA	NA	NA	NA	NA	NA	NA	1.69220410328714	NA	NA	NA	NA	-1.77904459741216	NA	NA	NA	NA	1.68172683843327	NA	NA	NA	NA	NA	NA	NA	NA	NA	NA	NA	NA	NA	NA
82	microtubule organizing center (GO:0005815)	-1.35464910820438	-1.32248580995362	-1.37039237018632	NA	NA	NA	NA	NA	NA	NA	-1.28349436432726	1.37268805473685	NA	NA	NA	NA	NA	NA	NA	-1.38261561875213	NA	NA	NA	NA	1.39419873774058	NA	NA	NA	1.40349575645026	NA	NA	NA	NA	-1.3459849633188	1.26273516471987	NA	NA	NA
83	microtubule organizing center part (GO:0044450)	-1.60466068308374	-1.72975076864684	-1.92134467398248	1.4955759913843	-1.74902332103559	-2.34151713975869	-1.46101286529876	-1.99078229530746	NA	NA	-1.86525092114854	1.95455484107482	NA	-1.65352043878228	1.75460045418938	-1.72046862114609	-1.68144817073696	1.56868211760185	1.56182371188635	-1.80220634867998	NA	-1.80028013541899	NA	-1.68760419746039	1.90578991829599	NA	-1.79762509401934	NA	1.48967435569861	-1.85465125485648	NA	NA	NA	-1.52950066510636	1.93756150925633	NA	1.53212357140329	NA
84	microvillus (GO:0005902)	NA	NA	NA	NA	NA	NA	-1.54165780747871	NA	NA	NA	NA	NA	NA	NA	NA	NA	NA	NA	NA	NA	NA	NA	NA	NA	NA	NA	NA	NA	NA	NA	NA	NA	NA	NA	NA	NA	NA	NA
85	mitochondrial inner membrane (GO:0005743)	-1.35596321285961	NA	NA	-1.72181011094519	NA	NA	NA	NA	-1.3355015755175	NA	NA	NA	NA	NA	NA	NA	NA	NA	NA	NA	NA	NA	NA	NA	NA	NA	NA	NA	NA	NA	NA	NA	NA	NA	NA	NA	NA	NA
86	mitochondrial large ribosomal subunit (GO:0005762)	-1.61684670429192	NA	NA	-1.83786273732628	1.94200704921278	NA	1.5722116283188	NA	NA	NA	NA	NA	NA	NA	NA	NA	NA	NA	NA	NA	NA	NA	NA	NA	NA	NA	NA	NA	NA	NA	NA	NA	NA	NA	NA	NA	NA	NA
87	mitochondrial matrix (GO:0005759)	NA	NA	NA	NA	NA	NA	NA	NA	-1.73616759641742	NA	NA	NA	NA	NA	NA	NA	NA	NA	NA	NA	-1.40888931231275	-1.40247817274113	NA	NA	NA	NA	NA	NA	NA	NA	NA	NA	NA	NA	NA	NA	NA	NA
88	mitochondrial respiratory chain complex I (GO:0005747)	NA	NA	NA	NA	NA	-1.63898809262717	NA	NA	NA	NA	NA	NA	NA	NA	NA	NA	NA	NA	NA	NA	NA	NA	NA	NA	NA	NA	NA	NA	NA	NA	NA	NA	NA	NA	NA	-1.80126962011658	NA	NA
89	mitochondrial respiratory chain complex IV (GO:0005751)	NA	NA	NA	NA	NA	NA	NA	NA	NA	NA	NA	NA	NA	NA	NA	NA	NA	NA	NA	NA	NA	1.65790256156893	NA	NA	NA	NA	NA	NA	NA	NA	NA	NA	NA	NA	NA	NA	NA	NA
90	mitochondrial small ribosomal subunit (GO:0005763)	NA	NA	NA	-1.71477403659683	1.71445697344349	NA	NA	NA	NA	NA	NA	NA	NA	NA	NA	NA	NA	NA	NA	NA	NA	NA	NA	NA	NA	NA	NA	NA	NA	NA	NA	NA	NA	NA	NA	NA	NA	NA
91	mitochondrion (GO:0005739)	-1.28233987280272	NA	NA	-1.18456113676985	NA	NA	NA	NA	NA	NA	NA	NA	NA	NA	NA	NA	NA	NA	NA	NA	NA	NA	NA	NA	NA	NA	NA	NA	NA	NA	NA	NA	NA	NA	NA	NA	NA	NA
92	mitotic spindle (GO:0072686)	-1.532355694546	NA	NA	-1.42708687717426	NA	-1.58481053070579	NA	NA	NA	NA	NA	NA	NA	NA	NA	NA	NA	NA	-1.60789349020882	NA	NA	NA	NA	NA	NA	NA	NA	NA	NA	NA	NA	NA	NA	-1.71249851067418	NA	NA	NA	NA
93	multivesicular body (GO:0005771)	NA	NA	NA	NA	NA	1.67409041553974	NA	NA	NA	NA	NA	NA	NA	NA	NA	NA	NA	NA	NA	NA	NA	NA	NA	NA	NA	NA	NA	NA	NA	NA	NA	NA	NA	NA	NA	NA	NA	NA
94	nuclear chromatin (GO:0000790)	NA	NA	NA	-1.31756810986114	NA	NA	NA	NA	NA	NA	NA	NA	NA	NA	NA	NA	1.43721008647512	NA	-1.52718056369943	NA	NA	NA	NA	1.33065024552124	NA	NA	NA	NA	NA	NA	NA	NA	NA	NA	-1.50360241399384	NA	NA	NA
95	nuclear chromosome part (GO:0044454)	NA	NA	NA	-1.54710635859927	NA	NA	NA	NA	NA	NA	NA	NA	NA	NA	NA	NA	1.29084969970728	NA	-1.66570641564117	NA	NA	NA	NA	1.46686512025877	NA	NA	NA	NA	NA	NA	NA	NA	NA	NA	NA	NA	NA	NA
96	nuclear chromosome, telomeric region (GO:0000784)	NA	NA	NA	-1.42299596029637	NA	NA	NA	NA	NA	NA	NA	NA	NA	NA	NA	NA	NA	NA	-1.38208649925128	NA	NA	NA	NA	NA	NA	NA	NA	NA	1.5912813551046	NA	NA	NA	NA	NA	NA	NA	NA	NA
97	nuclear inner membrane (GO:0005637)	NA	NA	NA	NA	NA	NA	NA	NA	NA	NA	NA	NA	NA	NA	NA	NA	NA	NA	NA	NA	NA	-1.55309401012348	NA	NA	NA	NA	NA	NA	NA	NA	NA	NA	NA	NA	NA	NA	NA	NA
98	nucleolus (GO:0005730)	-1.36660441273461	NA	NA	-1.56656324141791	NA	NA	NA	NA	NA	NA	NA	NA	NA	NA	NA	NA	NA	NA	-1.35786270251772	NA	NA	NA	NA	NA	NA	NA	NA	NA	NA	NA	NA	NA	NA	NA	NA	NA	NA	NA
99	P-body (GO:0000932)	NA	NA	NA	NA	NA	NA	NA	NA	NA	-1.67462702395716	NA	NA	NA	NA	NA	NA	NA	NA	NA	NA	NA	NA	NA	NA	NA	NA	NA	NA	NA	NA	NA	NA	NA	NA	NA	NA	NA	NA
100	pericentriolar material (GO:0000242)	NA	NA	NA	NA	NA	-1.67371297232649	NA	NA	NA	NA	NA	NA	NA	NA	NA	NA	NA	NA	NA	NA	NA	NA	NA	NA	NA	NA	NA	NA	NA	NA	NA	NA	NA	NA	NA	NA	NA	NA
101	peroxisomal matrix (GO:0005782)	NA	NA	NA	NA	NA	NA	NA	NA	NA	NA	NA	NA	NA	NA	NA	NA	NA	NA	NA	NA	NA	-1.55628460916964	NA	NA	NA	NA	NA	NA	NA	NA	NA	NA	NA	NA	NA	NA	NA	NA
102	peroxisomal part (GO:0044439)	NA	NA	NA	NA	NA	NA	NA	NA	NA	NA	NA	NA	NA	NA	NA	NA	NA	NA	NA	NA	NA	-1.53205999169008	NA	NA	NA	NA	NA	NA	NA	NA	NA	NA	NA	NA	NA	NA	NA	NA
103	phagocytic vesicle (GO:0045335)	NA	NA	NA	NA	NA	NA	NA	1.9036432737627	1.63687620028765	-1.56396032535257	NA	NA	NA	NA	NA	NA	1.83810965353004	NA	-1.63224101450687	NA	1.6483317582561	1.74307496275121	NA	NA	NA	NA	NA	NA	NA	NA	1.60568635952877	NA	-1.51099592432829	NA	NA	1.49735038771755	NA	NA
104	pigment granule (GO:0048770)	NA	NA	NA	NA	NA	NA	NA	NA	-1.74631984170976	NA	NA	NA	NA	NA	NA	NA	NA	NA	NA	NA	NA	NA	NA	1.72918024698226	NA	NA	NA	NA	NA	NA	NA	NA	NA	NA	-1.88449622697395	NA	NA	NA
105	platelet alpha granule (GO:0031091)	NA	NA	NA	-1.47344309259468	NA	1.66360329461111	NA	NA	NA	NA	1.74662340315085	NA	NA	1.60049204910152	NA	NA	1.64917870251953	NA	-1.54273431881355	NA	NA	1.79953656993027	NA	NA	NA	-1.46923487018409	1.59274557567329	NA	NA	NA	1.57582501965846	NA	-1.59879806920394	NA	-1.65503496993082	NA	NA	NA
106	platelet alpha granule lumen (GO:0031093)	NA	NA	NA	-1.4167139364759	NA	1.619748372212	NA	NA	NA	NA	NA	NA	NA	1.50645542623672	NA	NA	1.69529630890353	NA	NA	NA	NA	1.63368058556057	NA	NA	NA	NA	NA	NA	NA	NA	1.51047392063326	NA	-1.54671987688351	NA	NA	NA	NA	NA
107	platelet alpha granule membrane (GO:0031092)	NA	NA	NA	NA	NA	NA	NA	NA	NA	NA	1.76299243523574	NA	NA	NA	NA	NA	NA	NA	-1.59850408184683	NA	NA	1.6659757781857	NA	NA	NA	NA	NA	NA	NA	NA	NA	NA	NA	NA	-1.64547547881631	NA	NA	NA
108	polymeric cytoskeletal fiber (GO:0099513)	NA	-1.42848259744814	NA	NA	NA	NA	NA	NA	NA	NA	NA	NA	NA	NA	NA	NA	NA	NA	-1.34662587806329	-1.39541064393435	NA	NA	NA	NA	1.46023274413545	NA	NA	NA	NA	NA	NA	NA	-1.41877090335259	-1.40242114997763	NA	NA	NA	NA
109	polysomal ribosome (GO:0042788)	NA	NA	NA	-1.79670579937488	1.86216496535573	NA	1.8515739367867	NA	-1.60094336091306	NA	NA	NA	1.68473571713874	NA	NA	NA	NA	NA	-1.67226895081803	NA	NA	NA	NA	NA	NA	NA	NA	NA	NA	NA	NA	NA	NA	NA	-1.85146942360781	NA	NA	NA
110	polysome (GO:0005844)	NA	NA	NA	-1.56223828168341	NA	NA	1.64215980381831	NA	NA	NA	1.68664053320845	NA	NA	NA	NA	NA	NA	NA	NA	NA	NA	NA	NA	NA	NA	NA	NA	NA	NA	NA	NA	NA	NA	NA	NA	NA	NA	NA
111	preribosome (GO:0030684)	NA	NA	NA	-1.66403476946477	NA	NA	NA	NA	-1.58398781912589	NA	NA	NA	NA	NA	NA	NA	NA	NA	-1.41093827891674	NA	NA	NA	NA	NA	NA	NA	NA	NA	NA	NA	NA	NA	NA	NA	NA	NA	NA	NA
112	recycling endosome (GO:0055037)	NA	NA	NA	NA	NA	NA	NA	1.55170089524728	NA	NA	NA	NA	NA	NA	NA	NA	NA	NA	NA	NA	NA	1.6258496321527	NA	NA	NA	NA	NA	NA	NA	NA	NA	NA	NA	NA	NA	NA	NA	NA
113	recycling endosome membrane (GO:0055038)	NA	NA	NA	NA	NA	NA	NA	NA	NA	NA	NA	NA	NA	NA	NA	NA	1.6650793979808	NA	NA	NA	NA	2.05112511592709	NA	1.59825856324146	NA	NA	NA	NA	NA	NA	NA	NA	NA	NA	NA	NA	NA	NA
114	replication fork (GO:0005657)	NA	NA	NA	-1.61637588718005	1.83231898800828	-1.59576947247079	NA	NA	NA	NA	NA	NA	NA	NA	NA	NA	NA	NA	-1.56340693747538	NA	NA	NA	NA	1.74230524127343	NA	NA	NA	NA	1.70823476316829	NA	NA	NA	NA	NA	NA	NA	NA	NA
115	ribosome (GO:0005840)	NA	NA	NA	-1.96897478086173	1.83898740615015	NA	2.05376999278343	NA	-1.50999563837952	NA	1.64725327610109	NA	NA	NA	NA	NA	NA	NA	-1.67348502343627	NA	NA	NA	NA	NA	NA	NA	NA	NA	NA	NA	NA	NA	NA	NA	-1.823740034148	-1.81671391594813	NA	NA
116	rough endoplasmic reticulum (GO:0005791)	NA	NA	NA	NA	NA	1.56467332733935	NA	NA	NA	NA	NA	NA	NA	NA	NA	NA	NA	NA	NA	NA	NA	NA	NA	NA	NA	NA	NA	NA	NA	1.71232257169918	NA	NA	NA	NA	NA	NA	NA	NA
117	ruffle membrane (GO:0032587)	NA	NA	NA	NA	NA	NA	NA	NA	NA	-1.64994975775554	NA	NA	NA	NA	NA	NA	NA	NA	-1.45768276305554	NA	NA	1.75839887646827	NA	NA	NA	NA	NA	NA	NA	NA	1.55811099018629	NA	NA	NA	NA	NA	NA	NA
118	secretory granule lumen (GO:0034774)	NA	NA	NA	-1.9153031417235	NA	1.48935040143832	NA	NA	1.45197781634047	-1.50020185880787	NA	NA	1.48237030134076	1.48867668901368	NA	NA	1.64995701734914	NA	-1.93874651473088	NA	1.56483498245367	1.76996954214755	NA	1.40495090632203	NA	-1.41719199373907	NA	NA	-1.86194648005808	NA	1.90552253716075	1.53607000638741	-1.59729472264808	NA	-1.60830671338623	1.43545317210202	NA	-1.46265455513972
119	secretory vesicle (GO:0099503)	NA	NA	NA	NA	NA	NA	NA	NA	NA	NA	NA	NA	NA	NA	NA	NA	NA	NA	NA	NA	NA	NA	NA	NA	1.64725554550257	NA	NA	NA	NA	NA	NA	NA	NA	NA	NA	NA	NA	NA
120	small nuclear ribonucleoprotein complex (GO:0030532)	NA	NA	NA	-1.64394468148055	NA	NA	1.70106144139918	NA	NA	NA	NA	NA	NA	NA	NA	NA	NA	NA	NA	NA	NA	NA	NA	NA	NA	NA	NA	NA	NA	NA	NA	NA	NA	NA	NA	NA	NA	NA
121	small ribosomal subunit (GO:0015935)	-1.65058998646591	NA	NA	-1.9867509846346	2.26294936951411	NA	1.86276647041078	NA	-1.67916684214441	NA	1.96382412642527	NA	1.61851249757741	NA	NA	NA	NA	-1.69661954914159	-1.59696102173928	NA	NA	NA	NA	NA	NA	-1.6371498811367	NA	NA	NA	NA	NA	-1.81057665361596	NA	NA	-1.83519938835094	-1.82029025552623	NA	NA
122	small-subunit processome (GO:0032040)	NA	NA	NA	-1.64375868671736	NA	NA	NA	NA	-1.6328861839509	NA	NA	NA	NA	NA	NA	NA	NA	NA	NA	NA	NA	NA	NA	NA	NA	NA	NA	NA	NA	NA	NA	NA	NA	NA	NA	NA	NA	NA
123	specific granule (GO:0042581)	2.07262390854077	NA	NA	-2.08868899180682	NA	1.5542373323671	NA	1.41317770011209	2.03090997522468	-2.04096786347325	1.44317843146659	NA	1.84979013936248	1.79210261641026	1.71023784054033	NA	1.78452064154719	-1.74658379231401	-2.14606871442813	NA	2.06682242091653	2.1039127168974	-1.98926564681704	1.38755263930534	NA	-1.88864309496671	1.75509101799885	NA	-1.96637698005484	1.56312725950492	2.15737300108948	1.97454062386367	-1.77859497600093	-1.44316279892398	-1.44567816989491	1.85155541572273	-1.78026721247983	-1.54555449810364
124	specific granule lumen (GO:0035580)	1.63359483288724	NA	NA	-1.83525861026964	NA	NA	NA	NA	1.68373774068365	NA	NA	NA	NA	1.68150473755481	NA	NA	NA	NA	-1.94389309092065	NA	1.73726878488335	NA	NA	1.52810925732265	NA	-1.53009079731457	NA	NA	-1.77000506978776	NA	1.92736943640223	1.78352115043452	NA	NA	NA	NA	NA	-1.60436860714702
125	specific granule membrane (GO:0035579)	2.09632638220906	NA	NA	-1.98870426660912	NA	1.53466993477387	NA	1.75215033240493	1.99793714967049	-2.16982632390971	NA	NA	1.94144615248671	1.6899408611723	1.78036515559427	NA	1.78894913348985	-1.88198874577744	-2.00970839625702	NA	2.05185884742482	2.31790382099954	-2.01353672821626	NA	NA	-1.95589780361853	1.77667949734476	NA	-1.90142912805327	1.73941936711099	2.10447183127007	1.91971811831441	-1.81208865754191	NA	NA	1.93975965536516	-1.88218580775601	NA
126	spindle (GO:0005819)	-1.67085827246889	NA	NA	-1.54621364214031	NA	-1.93786921658278	NA	-1.41848167231089	NA	NA	NA	NA	NA	NA	NA	NA	NA	NA	-1.63757620895821	NA	-1.36629148113197	-1.40413506471327	NA	1.43670821123296	NA	NA	NA	-1.57330983286891	1.52268275858191	NA	NA	NA	NA	-1.66647177978907	NA	NA	NA	NA
127	spindle microtubule (GO:0005876)	NA	NA	NA	-1.79825132474817	NA	-1.85933939700306	1.53201151335898	NA	NA	NA	NA	NA	NA	NA	NA	NA	NA	NA	-1.81382459807501	NA	NA	NA	NA	1.71005595800854	NA	NA	NA	NA	NA	NA	NA	NA	NA	-1.72787746068359	NA	NA	NA	NA
128	spindle midzone (GO:0051233)	NA	NA	NA	-1.68222412076719	NA	-1.87745595515305	NA	NA	NA	NA	NA	NA	NA	NA	NA	NA	NA	NA	-1.78854240250565	NA	NA	NA	NA	1.61068464324414	NA	NA	NA	NA	NA	NA	NA	NA	NA	-1.75058431758829	NA	NA	NA	NA
129	spindle pole (GO:0000922)	NA	NA	NA	-1.39926633832449	NA	-1.79413406829118	NA	NA	NA	NA	NA	NA	NA	NA	NA	NA	NA	NA	-1.4406709492028	NA	NA	NA	NA	NA	NA	NA	NA	-1.5072882667806	NA	NA	NA	NA	NA	-1.541578105893	NA	NA	NA	NA
130	spliceosomal complex (GO:0005681)	NA	NA	NA	-1.44532227264405	1.50821974869364	-1.70840378765079	1.79647096458604	NA	NA	NA	NA	NA	NA	NA	NA	NA	NA	NA	NA	NA	NA	NA	NA	NA	NA	NA	NA	NA	NA	NA	NA	NA	NA	NA	NA	NA	NA	NA
131	spliceosomal snRNP complex (GO:0097525)	-1.51865426517606	NA	NA	NA	NA	-1.60025553601	1.61770856573721	NA	NA	NA	NA	NA	NA	NA	NA	NA	NA	NA	NA	NA	NA	NA	NA	NA	NA	NA	NA	NA	NA	NA	NA	NA	NA	NA	NA	NA	NA	NA
132	spliceosomal tri-snRNP complex (GO:0097526)	NA	NA	NA	-1.64580529294334	NA	-1.60211709844664	1.81575122668245	NA	NA	NA	NA	NA	NA	NA	NA	NA	NA	NA	NA	NA	NA	NA	NA	NA	NA	NA	NA	NA	NA	NA	NA	NA	NA	NA	NA	NA	NA	NA
133	T cell receptor complex (GO:0042101)	NA	NA	NA	NA	NA	NA	NA	2.14200804817322	1.76121711251265	-1.68869250832761	NA	NA	NA	NA	NA	NA	1.83057799801789	NA	NA	NA	NA	1.74540565066435	NA	NA	-1.95945611748735	NA	NA	NA	NA	-1.62548437323493	NA	NA	NA	NA	NA	NA	NA	NA
134	tertiary granule (GO:0070820)	1.94481452902986	NA	NA	-2.30823037236073	NA	1.77338861953121	NA	1.46684803559321	2.04972158571914	-2.11953281920459	1.95640865084453	NA	2.16766411165815	1.8784983704706	1.77845444837186	NA	1.59649671859128	-1.74812885177557	-2.37533219380053	NA	1.96014490502564	2.16099045564908	-1.91844159907822	NA	NA	-2.00684024771952	1.97293865771124	NA	-2.09683983324599	1.85720636090691	2.25407024478377	2.08727599973145	-1.96142935867148	-1.68188279625858	-1.72458676222404	1.95685695237265	-1.85365336516905	-1.68873442057407
135	tertiary granule lumen (GO:1904724)	NA	NA	1.70068670506576	-2.22579163106206	NA	1.75550440386329	NA	NA	1.6771262839471	NA	2.02265909237665	NA	1.76459435332457	1.89067569368245	NA	NA	NA	NA	-2.19313769790638	NA	NA	1.44648221010207	NA	1.69677893030589	1.58412074120706	-1.72951324179337	2.00227536840323	NA	-2.00316647906559	1.75115441284459	1.97108137760413	1.84993933375897	-1.64360456797735	-1.52711590260298	-1.69597264990375	1.57953846345034	NA	-1.77538603935467
136	tertiary granule membrane (GO:0070821)	2.21027722594461	NA	NA	-2.06362877246904	NA	1.64430225290036	NA	1.77944721519568	2.02589749980502	-2.27358073801859	1.69346178735696	NA	2.13242026960858	1.61795731432353	1.88175412945853	NA	1.92245414308896	-1.82640844334115	-2.22823116302941	NA	2.21099504097348	2.32963751358488	-2.09411407712959	NA	NA	-2.02984707284727	1.86954634789692	NA	-1.96089778133494	1.88329656758418	2.1577911907077	2.1391328480089	-1.8950005303803	-1.59245038096814	-1.63529621503632	2.02873176094057	-1.94272744507666	NA
137	U12-type spliceosomal complex (GO:0005689)	NA	NA	NA	NA	NA	NA	1.70772502822142	NA	NA	NA	NA	NA	NA	NA	NA	NA	NA	NA	NA	NA	NA	NA	NA	NA	NA	NA	NA	NA	NA	NA	NA	NA	NA	NA	NA	NA	NA	NA
138	U2 snRNP (GO:0005686)	NA	NA	NA	-1.67920543045202	NA	NA	NA	NA	NA	NA	NA	NA	NA	NA	NA	NA	NA	NA	NA	NA	NA	NA	NA	NA	NA	NA	NA	NA	NA	NA	NA	NA	NA	NA	NA	NA	NA	NA
139	U2-type catalytic step 2 spliceosome (GO:0071007)	NA	NA	NA	-1.53918965842938	NA	NA	1.76178267807093	NA	NA	NA	NA	NA	NA	NA	NA	NA	NA	NA	NA	NA	NA	NA	NA	NA	NA	NA	NA	NA	NA	NA	NA	NA	NA	NA	NA	NA	NA	NA
140	U2-type spliceosomal complex (GO:0005684)	NA	NA	NA	NA	NA	-1.53355955419307	1.8364004753158	NA	NA	NA	NA	NA	NA	NA	NA	NA	NA	NA	NA	NA	NA	NA	NA	NA	NA	NA	NA	NA	NA	NA	NA	NA	NA	NA	NA	NA	NA	NA
141	U4/U6 x U5 tri-snRNP complex (GO:0046540)	NA	NA	NA	-1.60623944263872	NA	-1.74344213019347	1.72043358187684	NA	NA	NA	NA	NA	NA	NA	NA	NA	NA	NA	NA	NA	NA	NA	NA	NA	NA	NA	NA	NA	NA	NA	NA	NA	NA	NA	NA	NA	NA	NA
142	vacuolar lumen (GO:0005775)	NA	NA	NA	-1.3730742036039	NA	NA	NA	NA	NA	NA	NA	NA	NA	NA	NA	NA	1.54246252913777	NA	-1.38321910373211	NA	NA	1.69711476702238	NA	1.39895077546238	NA	NA	NA	NA	NA	NA	1.52456824735736	NA	-1.43999956225387	NA	-1.6073246506648	NA	NA	NA
